[{"model": "admin.logentry", "pk": 1, "fields": {"action_time": "2022-11-22T11:29:29.558Z", "user": 1, "content_type": 7, "object_id": "1", "object_repr": "mobile", "action_flag": 1, "change_message": "[{\"added\": {}}]"}}, {"model": "admin.logentry", "pk": 2, "fields": {"action_time": "2022-11-22T11:29:36.152Z", "user": 1, "content_type": 7, "object_id": "2", "object_repr": "laptop", "action_flag": 1, "change_message": "[{\"added\": {}}]"}}, {"model": "admin.logentry", "pk": 3, "fields": {"action_time": "2022-11-22T11:29:50.028Z", "user": 1, "content_type": 7, "object_id": "3", "object_repr": "men's shirt", "action_flag": 1, "change_message": "[{\"added\": {}}]"}}, {"model": "admin.logentry", "pk": 4, "fields": {"action_time": "2022-11-22T11:30:28.397Z", "user": 1, "content_type": 7, "object_id": "3", "object_repr": "men's clothing", "action_flag": 2, "change_message": "[{\"changed\": {\"fields\": [\"Name\"]}}]"}}, {"model": "admin.logentry", "pk": 5, "fields": {"action_time": "2022-11-22T11:31:00.232Z", "user": 1, "content_type": 8, "object_id": "1", "object_repr": "samsung", "action_flag": 1, "change_message": "[{\"added\": {}}]"}}, {"model": "admin.logentry", "pk": 6, "fields": {"action_time": "2022-11-22T11:31:09.564Z", "user": 1, "content_type": 8, "object_id": "2", "object_repr": "apple", "action_flag": 1, "change_message": "[{\"added\": {}}]"}}, {"model": "admin.logentry", "pk": 7, "fields": {"action_time": "2022-11-22T11:31:31.458Z", "user": 1, "content_type": 8, "object_id": "3", "object_repr": "apple", "action_flag": 1, "change_message": "[{\"added\": {}}]"}}, {"model": "admin.logentry", "pk": 8, "fields": {"action_time": "2022-11-22T11:31:38.062Z", "user": 1, "content_type": 8, "object_id": "3", "object_repr": "apple", "action_flag": 2, "change_message": "[]"}}, {"model": "admin.logentry", "pk": 9, "fields": {"action_time": "2022-11-22T11:31:48.208Z", "user": 1, "content_type": 8, "object_id": "2", "object_repr": "iphone", "action_flag": 2, "change_message": "[{\"changed\": {\"fields\": [\"Name\"]}}]"}}, {"model": "admin.logentry", "pk": 10, "fields": {"action_time": "2022-11-22T11:32:06.645Z", "user": 1, "content_type": 8, "object_id": "4", "object_repr": "lenovo", "action_flag": 1, "change_message": "[{\"added\": {}}]"}}, {"model": "admin.logentry", "pk": 11, "fields": {"action_time": "2022-11-22T11:32:26.228Z", "user": 1, "content_type": 8, "object_id": "5", "object_repr": "shirt", "action_flag": 1, "change_message": "[{\"added\": {}}]"}}, {"model": "admin.logentry", "pk": 12, "fields": {"action_time": "2022-11-22T11:33:20.682Z", "user": 1, "content_type": 8, "object_id": "6", "object_repr": "jeans", "action_flag": 1, "change_message": "[{\"added\": {}}]"}}, {"model": "admin.logentry", "pk": 13, "fields": {"action_time": "2022-11-22T11:35:05.551Z", "user": 1, "content_type": 8, "object_id": "1", "object_repr": "one plus", "action_flag": 2, "change_message": "[{\"changed\": {\"fields\": [\"Name\"]}}]"}}, {"model": "admin.logentry", "pk": 14, "fields": {"action_time": "2022-11-22T11:35:36.429Z", "user": 1, "content_type": 9, "object_id": "1", "object_repr": "one plus 9", "action_flag": 1, "change_message": "[{\"added\": {}}]"}}, {"model": "admin.logentry", "pk": 15, "fields": {"action_time": "2022-11-22T11:37:07.530Z", "user": 1, "content_type": 9, "object_id": "2", "object_repr": "iphone 10", "action_flag": 1, "change_message": "[{\"added\": {}}]"}}, {"model": "admin.logentry", "pk": 16, "fields": {"action_time": "2022-11-22T11:37:54.406Z", "user": 1, "content_type": 9, "object_id": "3", "object_repr": "iphone 9", "action_flag": 1, "change_message": "[{\"added\": {}}]"}}, {"model": "admin.logentry", "pk": 17, "fields": {"action_time": "2022-11-22T11:38:15.345Z", "user": 1, "content_type": 8, "object_id": "7", "object_repr": "samsung", "action_flag": 1, "change_message": "[{\"added\": {}}]"}}, {"model": "admin.logentry", "pk": 18, "fields": {"action_time": "2022-11-22T11:38:27.936Z", "user": 1, "content_type": 8, "object_id": "8", "object_repr": "vivo", "action_flag": 1, "change_message": "[{\"added\": {}}]"}}, {"model": "admin.logentry", "pk": 19, "fields": {"action_time": "2022-11-22T11:39:16.158Z", "user": 1, "content_type": 9, "object_id": "4", "object_repr": "vivo ys33", "action_flag": 1, "change_message": "[{\"added\": {}}]"}}, {"model": "admin.logentry", "pk": 20, "fields": {"action_time": "2022-11-22T11:40:16.244Z", "user": 1, "content_type": 9, "object_id": "5", "object_repr": "apple m1", "action_flag": 1, "change_message": "[{\"added\": {}}]"}}, {"model": "admin.logentry", "pk": 21, "fields": {"action_time": "2022-11-22T11:40:43.479Z", "user": 1, "content_type": 9, "object_id": "6", "object_repr": "apple m2", "action_flag": 1, "change_message": "[{\"added\": {}}]"}}, {"model": "admin.logentry", "pk": 22, "fields": {"action_time": "2022-11-22T11:41:23.336Z", "user": 1, "content_type": 9, "object_id": "7", "object_repr": "gray jeans", "action_flag": 1, "change_message": "[{\"added\": {}}]"}}, {"model": "admin.logentry", "pk": 23, "fields": {"action_time": "2022-11-22T11:41:48.571Z", "user": 1, "content_type": 8, "object_id": "5", "object_repr": "t-shirt", "action_flag": 2, "change_message": "[{\"changed\": {\"fields\": [\"Name\"]}}]"}}, {"model": "admin.logentry", "pk": 24, "fields": {"action_time": "2022-11-22T11:42:15.501Z", "user": 1, "content_type": 9, "object_id": "8", "object_repr": "black tshirt", "action_flag": 1, "change_message": "[{\"added\": {}}]"}}, {"model": "admin.logentry", "pk": 25, "fields": {"action_time": "2022-11-22T11:42:42.178Z", "user": 1, "content_type": 9, "object_id": "9", "object_repr": "red tshirt", "action_flag": 1, "change_message": "[{\"added\": {}}]"}}, {"model": "admin.logentry", "pk": 26, "fields": {"action_time": "2022-11-22T11:43:18.688Z", "user": 1, "content_type": 9, "object_id": "10", "object_repr": "blue jeans", "action_flag": 1, "change_message": "[{\"added\": {}}]"}}, {"model": "admin.logentry", "pk": 27, "fields": {"action_time": "2022-11-23T09:41:41.210Z", "user": 1, "content_type": 11, "object_id": "3", "object_repr": "apple m1", "action_flag": 3, "change_message": ""}}, {"model": "admin.logentry", "pk": 28, "fields": {"action_time": "2022-11-23T09:41:41.219Z", "user": 1, "content_type": 11, "object_id": "2", "object_repr": "apple m1", "action_flag": 3, "change_message": ""}}, {"model": "admin.logentry", "pk": 29, "fields": {"action_time": "2022-11-23T09:41:41.226Z", "user": 1, "content_type": 11, "object_id": "1", "object_repr": "apple m1", "action_flag": 3, "change_message": ""}}, {"model": "admin.logentry", "pk": 30, "fields": {"action_time": "2022-11-23T09:57:27.627Z", "user": 1, "content_type": 11, "object_id": "7", "object_repr": "iphone 9", "action_flag": 3, "change_message": ""}}, {"model": "admin.logentry", "pk": 31, "fields": {"action_time": "2022-11-23T09:57:27.644Z", "user": 1, "content_type": 11, "object_id": "6", "object_repr": "apple m1", "action_flag": 3, "change_message": ""}}, {"model": "admin.logentry", "pk": 32, "fields": {"action_time": "2022-11-23T09:57:27.650Z", "user": 1, "content_type": 11, "object_id": "5", "object_repr": "iphone 9", "action_flag": 3, "change_message": ""}}, {"model": "admin.logentry", "pk": 33, "fields": {"action_time": "2022-11-23T09:57:27.658Z", "user": 1, "content_type": 11, "object_id": "4", "object_repr": "apple m1", "action_flag": 3, "change_message": ""}}, {"model": "admin.logentry", "pk": 34, "fields": {"action_time": "2022-11-23T10:00:25.131Z", "user": 1, "content_type": 11, "object_id": "9", "object_repr": "iphone 9", "action_flag": 3, "change_message": ""}}, {"model": "admin.logentry", "pk": 35, "fields": {"action_time": "2022-11-23T10:00:25.150Z", "user": 1, "content_type": 11, "object_id": "8", "object_repr": "apple m1", "action_flag": 3, "change_message": ""}}, {"model": "admin.logentry", "pk": 36, "fields": {"action_time": "2022-11-23T10:03:00.046Z", "user": 1, "content_type": 11, "object_id": "11", "object_repr": "iphone 9", "action_flag": 3, "change_message": ""}}, {"model": "admin.logentry", "pk": 37, "fields": {"action_time": "2022-11-23T10:03:00.059Z", "user": 1, "content_type": 11, "object_id": "10", "object_repr": "apple m1", "action_flag": 3, "change_message": ""}}, {"model": "admin.logentry", "pk": 38, "fields": {"action_time": "2022-11-23T11:25:28.673Z", "user": 1, "content_type": 11, "object_id": "17", "object_repr": "iphone 9", "action_flag": 3, "change_message": ""}}, {"model": "admin.logentry", "pk": 39, "fields": {"action_time": "2022-11-23T11:25:28.680Z", "user": 1, "content_type": 11, "object_id": "16", "object_repr": "iphone 10", "action_flag": 3, "change_message": ""}}, {"model": "admin.logentry", "pk": 40, "fields": {"action_time": "2022-11-23T11:25:28.684Z", "user": 1, "content_type": 11, "object_id": "15", "object_repr": "iphone 9", "action_flag": 3, "change_message": ""}}, {"model": "admin.logentry", "pk": 41, "fields": {"action_time": "2022-11-23T11:25:28.689Z", "user": 1, "content_type": 11, "object_id": "14", "object_repr": "apple m1", "action_flag": 3, "change_message": ""}}, {"model": "admin.logentry", "pk": 42, "fields": {"action_time": "2022-11-23T11:25:28.694Z", "user": 1, "content_type": 11, "object_id": "13", "object_repr": "iphone 9", "action_flag": 3, "change_message": ""}}, {"model": "admin.logentry", "pk": 43, "fields": {"action_time": "2022-11-23T11:25:28.698Z", "user": 1, "content_type": 11, "object_id": "12", "object_repr": "apple m1", "action_flag": 3, "change_message": ""}}, {"model": "admin.logentry", "pk": 44, "fields": {"action_time": "2022-11-23T11:27:53.313Z", "user": 1, "content_type": 11, "object_id": "19", "object_repr": "vivo ys33", "action_flag": 3, "change_message": ""}}, {"model": "admin.logentry", "pk": 45, "fields": {"action_time": "2022-11-23T11:27:53.317Z", "user": 1, "content_type": 11, "object_id": "18", "object_repr": "one plus 9", "action_flag": 3, "change_message": ""}}, {"model": "admin.logentry", "pk": 46, "fields": {"action_time": "2022-11-24T06:38:21.278Z", "user": 1, "content_type": 8, "object_id": "9", "object_repr": "smart phone", "action_flag": 1, "change_message": "[{\"added\": {}}]"}}, {"model": "admin.logentry", "pk": 47, "fields": {"action_time": "2022-11-24T06:38:59.043Z", "user": 1, "content_type": 12, "object_id": "1", "object_repr": "apple", "action_flag": 1, "change_message": "[{\"added\": {}}]"}}, {"model": "admin.logentry", "pk": 48, "fields": {"action_time": "2022-11-24T06:39:11.950Z", "user": 1, "content_type": 12, "object_id": "2", "object_repr": "vivo", "action_flag": 1, "change_message": "[{\"added\": {}}]"}}, {"model": "admin.logentry", "pk": 49, "fields": {"action_time": "2022-11-24T06:39:20.612Z", "user": 1, "content_type": 12, "object_id": "3", "object_repr": "iphone", "action_flag": 1, "change_message": "[{\"added\": {}}]"}}, {"model": "admin.logentry", "pk": 50, "fields": {"action_time": "2022-11-24T06:39:26.254Z", "user": 1, "content_type": 12, "object_id": "4", "object_repr": "samsung", "action_flag": 1, "change_message": "[{\"added\": {}}]"}}, {"model": "admin.logentry", "pk": 51, "fields": {"action_time": "2022-11-24T06:39:34.697Z", "user": 1, "content_type": 12, "object_id": "5", "object_repr": "lenovo", "action_flag": 1, "change_message": "[{\"added\": {}}]"}}, {"model": "admin.logentry", "pk": 52, "fields": {"action_time": "2022-11-24T07:23:18.469Z", "user": 1, "content_type": 8, "object_id": "10", "object_repr": "watch", "action_flag": 1, "change_message": "[{\"added\": {}}]"}}, {"model": "admin.logentry", "pk": 53, "fields": {"action_time": "2022-11-24T07:26:25.259Z", "user": 1, "content_type": 9, "object_id": "11", "object_repr": "apple watch", "action_flag": 1, "change_message": "[{\"added\": {}}]"}}, {"model": "admin.logentry", "pk": 54, "fields": {"action_time": "2022-11-24T07:26:41.507Z", "user": 1, "content_type": 12, "object_id": "6", "object_repr": "rolex", "action_flag": 1, "change_message": "[{\"added\": {}}]"}}, {"model": "admin.logentry", "pk": 55, "fields": {"action_time": "2022-11-24T07:27:16.114Z", "user": 1, "content_type": 9, "object_id": "12", "object_repr": "rolex watch", "action_flag": 1, "change_message": "[{\"added\": {}}]"}}, {"model": "admin.logentry", "pk": 56, "fields": {"action_time": "2022-11-24T07:30:31.333Z", "user": 1, "content_type": 12, "object_id": "7", "object_repr": "mi", "action_flag": 1, "change_message": "[{\"added\": {}}]"}}, {"model": "admin.logentry", "pk": 57, "fields": {"action_time": "2022-11-24T07:31:33.018Z", "user": 1, "content_type": 9, "object_id": "13", "object_repr": "mi 13 pro", "action_flag": 1, "change_message": "[{\"added\": {}}]"}}, {"model": "admin.logentry", "pk": 58, "fields": {"action_time": "2022-11-24T12:04:51.086Z", "user": 1, "content_type": 9, "object_id": "5", "object_repr": "apple m1", "action_flag": 2, "change_message": "[{\"changed\": {\"fields\": [\"Brand\"]}}]"}}, {"model": "admin.logentry", "pk": 59, "fields": {"action_time": "2022-11-24T12:05:04.851Z", "user": 1, "content_type": 9, "object_id": "6", "object_repr": "apple m2", "action_flag": 2, "change_message": "[{\"changed\": {\"fields\": [\"Brand\"]}}]"}}, {"model": "admin.logentry", "pk": 60, "fields": {"action_time": "2022-11-24T12:05:20.430Z", "user": 1, "content_type": 9, "object_id": "4", "object_repr": "vivo ys33", "action_flag": 2, "change_message": "[{\"changed\": {\"fields\": [\"Brand\"]}}]"}}, {"model": "admin.logentry", "pk": 61, "fields": {"action_time": "2022-11-24T12:05:25.116Z", "user": 1, "content_type": 9, "object_id": "4", "object_repr": "vivo ys33", "action_flag": 2, "change_message": "[]"}}, {"model": "admin.logentry", "pk": 62, "fields": {"action_time": "2022-11-24T12:05:33.889Z", "user": 1, "content_type": 9, "object_id": "3", "object_repr": "iphone 9", "action_flag": 2, "change_message": "[{\"changed\": {\"fields\": [\"Brand\"]}}]"}}, {"model": "admin.logentry", "pk": 63, "fields": {"action_time": "2022-11-24T12:05:43.289Z", "user": 1, "content_type": 9, "object_id": "2", "object_repr": "iphone 10", "action_flag": 2, "change_message": "[{\"changed\": {\"fields\": [\"Brand\"]}}]"}}, {"model": "admin.logentry", "pk": 64, "fields": {"action_time": "2022-11-24T12:06:41.938Z", "user": 1, "content_type": 12, "object_id": "3", "object_repr": "iphone", "action_flag": 3, "change_message": ""}}, {"model": "admin.logentry", "pk": 65, "fields": {"action_time": "2022-11-24T12:07:38.315Z", "user": 1, "content_type": 12, "object_id": "8", "object_repr": "oneplus", "action_flag": 1, "change_message": "[{\"added\": {}}]"}}, {"model": "admin.logentry", "pk": 66, "fields": {"action_time": "2022-11-24T12:07:49.584Z", "user": 1, "content_type": 9, "object_id": "1", "object_repr": "one plus 9", "action_flag": 2, "change_message": "[{\"changed\": {\"fields\": [\"Brand\"]}}]"}}, {"model": "admin.logentry", "pk": 67, "fields": {"action_time": "2022-11-24T12:09:02.310Z", "user": 1, "content_type": 9, "object_id": "14", "object_repr": "ideapad 3", "action_flag": 1, "change_message": "[{\"added\": {}}]"}}, {"model": "admin.logentry", "pk": 68, "fields": {"action_time": "2022-11-24T12:10:16.852Z", "user": 1, "content_type": 9, "object_id": "15", "object_repr": "s20", "action_flag": 1, "change_message": "[{\"added\": {}}]"}}, {"model": "admin.logentry", "pk": 69, "fields": {"action_time": "2022-11-25T05:46:41.874Z", "user": 1, "content_type": 9, "object_id": "3", "object_repr": "iphone 9", "action_flag": 2, "change_message": "[{\"changed\": {\"fields\": [\"Subcategory\"]}}]"}}, {"model": "admin.logentry", "pk": 70, "fields": {"action_time": "2022-11-25T05:47:26.893Z", "user": 1, "content_type": 12, "object_id": "9", "object_repr": "Lee", "action_flag": 1, "change_message": "[{\"added\": {}}]"}}, {"model": "admin.logentry", "pk": 71, "fields": {"action_time": "2022-11-25T05:49:01.449Z", "user": 1, "content_type": 12, "object_id": "10", "object_repr": "Allen Solly", "action_flag": 1, "change_message": "[{\"added\": {}}]"}}, {"model": "admin.logentry", "pk": 72, "fields": {"action_time": "2022-11-25T05:49:43.828Z", "user": 1, "content_type": 12, "object_id": "9", "object_repr": "Raymond", "action_flag": 2, "change_message": "[{\"changed\": {\"fields\": [\"Name\"]}}]"}}, {"model": "admin.logentry", "pk": 73, "fields": {"action_time": "2022-11-25T05:49:58.996Z", "user": 1, "content_type": 9, "object_id": "10", "object_repr": "blue jeans", "action_flag": 2, "change_message": "[{\"changed\": {\"fields\": [\"Brand\"]}}]"}}, {"model": "admin.logentry", "pk": 74, "fields": {"action_time": "2022-11-25T05:50:18.829Z", "user": 1, "content_type": 9, "object_id": "9", "object_repr": "red tshirt", "action_flag": 2, "change_message": "[{\"changed\": {\"fields\": [\"Brand\"]}}]"}}, {"model": "admin.logentry", "pk": 75, "fields": {"action_time": "2022-11-25T05:50:35.848Z", "user": 1, "content_type": 9, "object_id": "8", "object_repr": "black tshirt", "action_flag": 2, "change_message": "[{\"changed\": {\"fields\": [\"Brand\"]}}]"}}, {"model": "admin.logentry", "pk": 76, "fields": {"action_time": "2022-11-25T05:50:48.231Z", "user": 1, "content_type": 9, "object_id": "7", "object_repr": "gray jeans", "action_flag": 2, "change_message": "[{\"changed\": {\"fields\": [\"Brand\"]}}]"}}, {"model": "admin.logentry", "pk": 77, "fields": {"action_time": "2022-11-25T06:50:11.628Z", "user": 1, "content_type": 9, "object_id": "15", "object_repr": "s20", "action_flag": 2, "change_message": "[{\"changed\": {\"fields\": [\"Availability\"]}}]"}}, {"model": "admin.logentry", "pk": 78, "fields": {"action_time": "2022-11-25T06:50:22.002Z", "user": 1, "content_type": 9, "object_id": "14", "object_repr": "ideapad 3", "action_flag": 2, "change_message": "[{\"changed\": {\"fields\": [\"Availability\"]}}]"}}, {"model": "admin.logentry", "pk": 79, "fields": {"action_time": "2022-11-25T06:50:28.577Z", "user": 1, "content_type": 9, "object_id": "13", "object_repr": "mi 13 pro", "action_flag": 2, "change_message": "[{\"changed\": {\"fields\": [\"Availability\"]}}]"}}, {"model": "admin.logentry", "pk": 80, "fields": {"action_time": "2022-11-25T06:50:35.424Z", "user": 1, "content_type": 9, "object_id": "11", "object_repr": "apple watch", "action_flag": 2, "change_message": "[{\"changed\": {\"fields\": [\"Availability\"]}}]"}}, {"model": "admin.logentry", "pk": 81, "fields": {"action_time": "2022-11-25T06:50:41.690Z", "user": 1, "content_type": 9, "object_id": "7", "object_repr": "gray jeans", "action_flag": 2, "change_message": "[{\"changed\": {\"fields\": [\"Availability\"]}}]"}}, {"model": "admin.logentry", "pk": 82, "fields": {"action_time": "2022-11-25T06:50:53.659Z", "user": 1, "content_type": 9, "object_id": "9", "object_repr": "red tshirt", "action_flag": 2, "change_message": "[{\"changed\": {\"fields\": [\"Availability\"]}}]"}}, {"model": "admin.logentry", "pk": 83, "fields": {"action_time": "2022-11-25T06:50:59.221Z", "user": 1, "content_type": 9, "object_id": "5", "object_repr": "apple m1", "action_flag": 2, "change_message": "[{\"changed\": {\"fields\": [\"Availability\"]}}]"}}, {"model": "admin.logentry", "pk": 84, "fields": {"action_time": "2022-11-25T06:51:12.540Z", "user": 1, "content_type": 9, "object_id": "4", "object_repr": "vivo ys33", "action_flag": 2, "change_message": "[{\"changed\": {\"fields\": [\"Availability\"]}}]"}}, {"model": "admin.logentry", "pk": 85, "fields": {"action_time": "2022-11-25T06:51:20.273Z", "user": 1, "content_type": 9, "object_id": "3", "object_repr": "iphone 9", "action_flag": 2, "change_message": "[{\"changed\": {\"fields\": [\"Availability\"]}}]"}}, {"model": "admin.logentry", "pk": 86, "fields": {"action_time": "2022-11-25T06:51:29.239Z", "user": 1, "content_type": 9, "object_id": "1", "object_repr": "one plus 9", "action_flag": 2, "change_message": "[{\"changed\": {\"fields\": [\"Availability\"]}}]"}}, {"model": "admin.logentry", "pk": 87, "fields": {"action_time": "2022-12-14T07:10:13.625Z", "user": 1, "content_type": 11, "object_id": "34", "object_repr": "krunal", "action_flag": 3, "change_message": ""}}, {"model": "admin.logentry", "pk": 88, "fields": {"action_time": "2022-12-14T07:10:13.635Z", "user": 1, "content_type": 11, "object_id": "33", "object_repr": "krunal", "action_flag": 3, "change_message": ""}}, {"model": "admin.logentry", "pk": 89, "fields": {"action_time": "2022-12-14T07:10:13.641Z", "user": 1, "content_type": 11, "object_id": "32", "object_repr": "krunal", "action_flag": 3, "change_message": ""}}, {"model": "admin.logentry", "pk": 90, "fields": {"action_time": "2022-12-14T07:10:13.648Z", "user": 1, "content_type": 11, "object_id": "31", "object_repr": "ram", "action_flag": 3, "change_message": ""}}, {"model": "admin.logentry", "pk": 91, "fields": {"action_time": "2022-12-14T07:10:13.655Z", "user": 1, "content_type": 11, "object_id": "30", "object_repr": "krunal", "action_flag": 3, "change_message": ""}}, {"model": "admin.logentry", "pk": 92, "fields": {"action_time": "2022-12-14T07:10:13.666Z", "user": 1, "content_type": 11, "object_id": "29", "object_repr": "krunal", "action_flag": 3, "change_message": ""}}, {"model": "admin.logentry", "pk": 93, "fields": {"action_time": "2022-12-14T07:10:13.672Z", "user": 1, "content_type": 11, "object_id": "28", "object_repr": "krunal", "action_flag": 3, "change_message": ""}}, {"model": "admin.logentry", "pk": 94, "fields": {"action_time": "2022-12-14T07:10:13.679Z", "user": 1, "content_type": 11, "object_id": "27", "object_repr": "krunal", "action_flag": 3, "change_message": ""}}, {"model": "admin.logentry", "pk": 95, "fields": {"action_time": "2022-12-14T07:10:13.686Z", "user": 1, "content_type": 11, "object_id": "26", "object_repr": "raj", "action_flag": 3, "change_message": ""}}, {"model": "admin.logentry", "pk": 96, "fields": {"action_time": "2022-12-14T07:10:13.692Z", "user": 1, "content_type": 11, "object_id": "25", "object_repr": "raj", "action_flag": 3, "change_message": ""}}, {"model": "admin.logentry", "pk": 97, "fields": {"action_time": "2022-12-14T07:10:13.700Z", "user": 1, "content_type": 11, "object_id": "24", "object_repr": "raj", "action_flag": 3, "change_message": ""}}, {"model": "admin.logentry", "pk": 98, "fields": {"action_time": "2022-12-14T07:10:13.706Z", "user": 1, "content_type": 11, "object_id": "23", "object_repr": "admin", "action_flag": 3, "change_message": ""}}, {"model": "admin.logentry", "pk": 99, "fields": {"action_time": "2022-12-14T07:10:13.713Z", "user": 1, "content_type": 11, "object_id": "22", "object_repr": "admin", "action_flag": 3, "change_message": ""}}, {"model": "admin.logentry", "pk": 100, "fields": {"action_time": "2022-12-14T07:10:13.719Z", "user": 1, "content_type": 11, "object_id": "21", "object_repr": "raj", "action_flag": 3, "change_message": ""}}, {"model": "admin.logentry", "pk": 101, "fields": {"action_time": "2022-12-14T07:10:13.726Z", "user": 1, "content_type": 11, "object_id": "20", "object_repr": "raj", "action_flag": 3, "change_message": ""}}, {"model": "admin.logentry", "pk": 102, "fields": {"action_time": "2022-12-15T05:03:24.314Z", "user": 1, "content_type": 4, "object_id": "1", "object_repr": "admin", "action_flag": 2, "change_message": "[{\"changed\": {\"fields\": [\"First name\", \"Last name\", \"Email address\"]}}]"}}, {"model": "admin.logentry", "pk": 103, "fields": {"action_time": "2022-12-15T05:09:54.330Z", "user": 1, "content_type": 4, "object_id": "2", "object_repr": "kano", "action_flag": 2, "change_message": "[{\"changed\": {\"fields\": [\"Staff status\"]}}]"}}, {"model": "admin.logentry", "pk": 104, "fields": {"action_time": "2022-12-15T05:19:42.167Z", "user": 1, "content_type": 4, "object_id": "6", "object_repr": "mayo", "action_flag": 2, "change_message": "[{\"changed\": {\"fields\": [\"Staff status\"]}}]"}}, {"model": "admin.logentry", "pk": 105, "fields": {"action_time": "2022-12-15T05:22:15.048Z", "user": 1, "content_type": 4, "object_id": "1", "object_repr": "admin", "action_flag": 2, "change_message": "[{\"changed\": {\"fields\": [\"First name\", \"Email address\"]}}]"}}, {"model": "admin.logentry", "pk": 106, "fields": {"action_time": "2022-12-15T05:22:41.100Z", "user": 1, "content_type": 4, "object_id": "3", "object_repr": "krunal", "action_flag": 2, "change_message": "[{\"changed\": {\"fields\": [\"password\"]}}]"}}, {"model": "admin.logentry", "pk": 107, "fields": {"action_time": "2022-12-15T05:22:50.354Z", "user": 1, "content_type": 4, "object_id": "3", "object_repr": "krunal", "action_flag": 2, "change_message": "[{\"changed\": {\"fields\": [\"Staff status\"]}}]"}}, {"model": "admin.logentry", "pk": 108, "fields": {"action_time": "2022-12-15T05:40:09.343Z", "user": 1, "content_type": 4, "object_id": "3", "object_repr": "krunal", "action_flag": 2, "change_message": "[{\"changed\": {\"fields\": [\"User permissions\"]}}]"}}, {"model": "auth.user", "pk": 1, "fields": {"password": "pbkdf2_sha256$390000$jZmWVz1EYD3wFpCjpR5CKU$HIMmiGRQcI/uVnMNGndE/kUN5ImPnBd6DZU+3BbNzFs=", "last_login": "2022-12-15T05:48:17.529Z", "is_superuser": true, "username": "admin", "first_name": "admin", "last_name": "lala", "email": "admin@gmail.com", "is_staff": true, "is_active": true, "date_joined": "2022-11-22T11:24:31Z", "groups": [], "user_permissions": []}}, {"model": "auth.user", "pk": 2, "fields": {"password": "pbkdf2_sha256$390000$ZQZRjSCsRsoHjrqJvPffhq$EaHc0N4OjsV/mchlYqKukrN4RZla9BAelAOnbqpZiYM=", "last_login": "2022-11-23T06:13:27Z", "is_superuser": false, "username": "kano", "first_name": "", "last_name": "", "email": "krunallm11@gmail.com", "is_staff": true, "is_active": true, "date_joined": "2022-11-22T11:25:42Z", "groups": [], "user_permissions": []}}, {"model": "auth.user", "pk": 3, "fields": {"password": "pbkdf2_sha256$390000$ShEStwHhO5QLddsB2ZgzoN$MvzXKTHeQYcS3/Q/IG7drt7dOweVZkYVd5pkEzf6Vrw=", "last_login": "2022-12-15T05:55:24.874Z", "is_superuser": false, "username": "krunal", "first_name": "", "last_name": "", "email": "krunal@gmail.com", "is_staff": true, "is_active": true, "date_joined": "2022-11-23T11:44:41Z", "groups": [], "user_permissions": [13, 14, 16]}}, {"model": "auth.user", "pk": 4, "fields": {"password": "pbkdf2_sha256$390000$UYQKFWcAQDc0XJnbanZjCR$MRsk+JVif1+KeQOJYb1dZVMg5mKMRbw03oTJR5lE1to=", "last_login": "2022-11-24T06:14:22.865Z", "is_superuser": false, "username": "raj", "first_name": "", "last_name": "", "email": "raj@gmail.com", "is_staff": false, "is_active": true, "date_joined": "2022-11-24T05:27:54.301Z", "groups": [], "user_permissions": []}}, {"model": "auth.user", "pk": 5, "fields": {"password": "pbkdf2_sha256$390000$Mc82VtroxD0ixhm6Rs2uXf$rCpv6KU5Ihgdce7+0ClP+m1WA5ZnwDWANEhtRXAPgkY=", "last_login": "2022-12-12T08:48:15.469Z", "is_superuser": false, "username": "ram", "first_name": "", "last_name": "", "email": "ram@gmail.com", "is_staff": false, "is_active": true, "date_joined": "2022-12-12T08:48:15.116Z", "groups": [], "user_permissions": []}}, {"model": "auth.user", "pk": 6, "fields": {"password": "pbkdf2_sha256$390000$BeJNVv6iMOOy4Ppp4i7KcP$SbXvTo4x8EOOIz1Ngr5nVoCFT26HzqKKjyVGG6qq5Vk=", "last_login": "2022-12-12T10:40:17Z", "is_superuser": false, "username": "mayo", "first_name": "", "last_name": "", "email": "mayo@gmail.com", "is_staff": true, "is_active": true, "date_joined": "2022-12-12T10:33:24Z", "groups": [], "user_permissions": []}}, {"model": "auth.user", "pk": 7, "fields": {"password": "pbkdf2_sha256$390000$zKn6C5WH02CKxuAK5NDQa6$d542etYLXzXiAu7Whmc4v/rHpd/DMTdAVe9BZZJRCLg=", "last_login": "2022-12-12T10:42:21.327Z", "is_superuser": false, "username": "jec", "first_name": "", "last_name": "", "email": "jec@gmail.com", "is_staff": false, "is_active": true, "date_joined": "2022-12-12T10:42:21.124Z", "groups": [], "user_permissions": []}}, {"model": "auth.user", "pk": 8, "fields": {"password": "pbkdf2_sha256$390000$BUeI9Q8rqcbC05YfjtD6N7$mg9Oxu/1yr/yNL9/shAG0yqO3EaMu5XUZvXV7KpnXGw=", "last_login": "2022-12-12T12:34:09.574Z", "is_superuser": false, "username": "jamo", "first_name": "", "last_name": "", "email": "jamo@gmail.com", "is_staff": false, "is_active": true, "date_joined": "2022-12-12T12:34:09.249Z", "groups": [], "user_permissions": []}}, {"model": "auth.user", "pk": 9, "fields": {"password": "pbkdf2_sha256$390000$eB7Wm05RQ3w64ZCWwTQZsQ$BiELeryOsQjFghP5ohWCHdE5ZGlkFwfj0gtlx7Sy6Q0=", "last_login": "2022-12-12T14:28:23.466Z", "is_superuser": false, "username": "krunall", "first_name": "", "last_name": "", "email": "krunal1@gmail.com", "is_staff": false, "is_active": true, "date_joined": "2022-12-12T14:27:50.568Z", "groups": [], "user_permissions": []}}, {"model": "auth.user", "pk": 10, "fields": {"password": "pbkdf2_sha256$390000$O3A6TVxnsMopjvK4IGv5WP$j8kqyVVMAVgCaoMKjOs9HrV/AZMwevbxjGqrioZ+Ji8=", "last_login": "2022-12-14T07:32:41.770Z", "is_superuser": false, "username": "mrudang", "first_name": "", "last_name": "", "email": "mrudang@gmail.com", "is_staff": false, "is_active": true, "date_joined": "2022-12-13T13:40:32.153Z", "groups": [], "user_permissions": []}}, {"model": "contenttypes.contenttype", "pk": 1, "fields": {"app_label": "admin", "model": "logentry"}}, {"model": "contenttypes.contenttype", "pk": 2, "fields": {"app_label": "auth", "model": "permission"}}, {"model": "contenttypes.contenttype", "pk": 3, "fields": {"app_label": "auth", "model": "group"}}, {"model": "contenttypes.contenttype", "pk": 4, "fields": {"app_label": "auth", "model": "user"}}, {"model": "contenttypes.contenttype", "pk": 5, "fields": {"app_label": "contenttypes", "model": "contenttype"}}, {"model": "contenttypes.contenttype", "pk": 6, "fields": {"app_label": "sessions", "model": "session"}}, {"model": "contenttypes.contenttype", "pk": 7, "fields": {"app_label": "home", "model": "category"}}, {"model": "contenttypes.contenttype", "pk": 8, "fields": {"app_label": "home", "model": "subcategory"}}, {"model": "contenttypes.contenttype", "pk": 9, "fields": {"app_label": "home", "model": "product"}}, {"model": "contenttypes.contenttype", "pk": 10, "fields": {"app_label": "home", "model": "contact_us"}}, {"model": "contenttypes.contenttype", "pk": 11, "fields": {"app_label": "home", "model": "order"}}, {"model": "contenttypes.contenttype", "pk": 12, "fields": {"app_label": "home", "model": "brand"}}, {"model": "sessions.session", "pk": "2sq48gph5dyoupjhl7eq2cyjho93hxnv", "fields": {"session_data": ".eJx9jktuwyAQhq8SsbZscEJtsuy-Z0ADDDapDdTGiyry3QOKVbWLhgXSzP_45k4kbGmU24qLdIZcCSPV750C_Ym-COYGfgi1Dj4tTtXFUh_qWn8Eg9P74f1TMMI65nQvmBAt49ghV2BQ267TqChHFFZYS1WveM_gTVCLPbe0FRfGL5pr7NnZiFyqYUnkes8X5q90l3tZReISzKaTPEYPM2Zg8HiK07aeSvRrA59c-j78ThfHmeaXRTfDUObmKGrcPDQ5LktcivoWB7JXpH2BbX-wLo6FzOh_VM5fUCHGCdmTuO8P7xSEgQ:1oxSbJ:1LE2sEU-JpgKPAQChjy3jcER5dIY5Vnn-5R7th-434E", "expire_date": "2022-12-06T12:42:09.655Z"}}, {"model": "sessions.session", "pk": "4zdd05yr15y1sidmn228rzkscrrr8m8e", "fields": {"session_data": ".eJxVjEEOgjAQRe_StWlaZGyHpXvPQKbTqUUNJKWsCHcXEha6_e_9t6qelpr7ZZbSD1F1yqrL7xaI3zIeIL5ofE6ap7GWIehD0Sed9WOK8rmf7l8g05z3t0eL2FgQJxAoCifnWIIBEUyYkgk-gLd0Q5PEQzINthZaBhZvrxH3KFOpqlu37Qs-HDul:1oyYqh:7Vq6TbwM6I2qvacEVaKF-tgQroAkngTsbHM9zB1ZfIM", "expire_date": "2022-12-09T13:34:35.565Z"}}, {"model": "sessions.session", "pk": "g10esoub8ejo0alpaq7m1iudtz6q56n1", "fields": {"session_data": ".eJxVjEEOgjAQRe_StWlaZGyHpXvPQKbTqUUNJKWsCHcXEha6_e_9t6qelpr7ZZbSD1F1yqrL7xaI3zIeIL5ofE6ap7GWIehD0Sed9WOK8rmf7l8g05z3t0eL2FgQJxAoCifnWIIBEUyYkgk-gLd0Q5PEQzINthZaBhZvrxH3KFOpqlu37Qs-HDul:1oy6hp:EXiZ3GpzTPc8Fo3v8-ghoUJiA_b6oiT5GWeqvRA1_tg", "expire_date": "2022-12-08T07:31:33.068Z"}}, {"model": "sessions.session", "pk": "vkw9o35scknoqbtrswb6k5d6cgqwr3ih", "fields": {"session_data": ".eJxVjE0OgyAYBe_CuiHKn-Cy-57BPD6w2jaYAK6Md68mLtrtm3mzsQFrnYa1xDzMgfVMstvv5kHvmE4QXkjPhdOSap49PxV-0cIfS4if--X-BSaU6XgLGwy1o7M2yNFLRO0NOQMpIrSg1hllG9mhEwqNQ4AhImM9ohpFo_0RJeTK-m3fvzMGO6s:1p5hDM:9ab3VEEcu4Yhg_7_mElHTwY8LpYRjrfAuNjNkbEku-g", "expire_date": "2022-12-29T05:55:28.359Z"}}, {"model": "home.category", "pk": 1, "fields": {"name": "mobile"}}, {"model": "home.category", "pk": 2, "fields": {"name": "laptop"}}, {"model": "home.category", "pk": 3, "fields": {"name": "men's clothing"}}, {"model": "home.subcategory", "pk": 1, "fields": {"name": "one plus", "category": 1}}, {"model": "home.subcategory", "pk": 2, "fields": {"name": "iphone", "category": 1}}, {"model": "home.subcategory", "pk": 3, "fields": {"name": "apple", "category": 2}}, {"model": "home.subcategory", "pk": 4, "fields": {"name": "lenovo", "category": 2}}, {"model": "home.subcategory", "pk": 5, "fields": {"name": "t-shirt", "category": 3}}, {"model": "home.subcategory", "pk": 6, "fields": {"name": "jeans", "category": 3}}, {"model": "home.subcategory", "pk": 7, "fields": {"name": "samsung", "category": 1}}, {"model": "home.subcategory", "pk": 8, "fields": {"name": "vivo", "category": 1}}, {"model": "home.subcategory", "pk": 9, "fields": {"name": "smart phone", "category": 1}}, {"model": "home.subcategory", "pk": 10, "fields": {"name": "watch", "category": 3}}, {"model": "home.brand", "pk": 1, "fields": {"name": "apple"}}, {"model": "home.brand", "pk": 2, "fields": {"name": "vivo"}}, {"model": "home.brand", "pk": 4, "fields": {"name": "samsung"}}, {"model": "home.brand", "pk": 5, "fields": {"name": "lenovo"}}, {"model": "home.brand", "pk": 6, "fields": {"name": "rolex"}}, {"model": "home.brand", "pk": 7, "fields": {"name": "mi"}}, {"model": "home.brand", "pk": 8, "fields": {"name": "oneplus"}}, {"model": "home.brand", "pk": 9, "fields": {"name": "Raymond"}}, {"model": "home.brand", "pk": 10, "fields": {"name": "Allen Solly"}}, {"model": "home.product", "pk": 1, "fields": {"category": 1, "subcategory": 1, "brand": 8, "image": "product/img/one_plus_9.jpg", "name": "one plus 9", "price": 30000, "availability": "Out Of Stoke", "description": null, "date": "2022-11-22"}}, {"model": "home.product", "pk": 2, "fields": {"category": 1, "subcategory": 2, "brand": 1, "image": "product/img/apple1.jpg", "name": "iphone 10", "price": 55000, "availability": null, "description": null, "date": "2022-11-22"}}, {"model": "home.product", "pk": 3, "fields": {"category": 1, "subcategory": 2, "brand": 1, "image": "product/img/apple.jpg", "name": "iphone 9", "price": 40000, "availability": "Out Of Stoke", "description": null, "date": "2022-11-22"}}, {"model": "home.product", "pk": 4, "fields": {"category": 1, "subcategory": 8, "brand": 2, "image": "product/img/vivo_y33s.jpg", "name": "vivo ys33", "price": 22000, "availability": "Out Of Stoke", "description": null, "date": "2022-11-22"}}, {"model": "home.product", "pk": 5, "fields": {"category": 2, "subcategory": 3, "brand": 1, "image": "product/img/apple1_hkCNzDm.jpg", "name": "apple m1", "price": 111000, "availability": "In Stock", "description": null, "date": "2022-11-22"}}, {"model": "home.product", "pk": 6, "fields": {"category": 2, "subcategory": 3, "brand": 1, "image": "product/img/apple.png", "name": "apple m2", "price": 149000, "availability": null, "description": null, "date": "2022-11-22"}}, {"model": "home.product", "pk": 7, "fields": {"category": 3, "subcategory": 6, "brand": 10, "image": "product/img/jeans_5.jpg", "name": "gray jeans", "price": 1500, "availability": "In Stock", "description": null, "date": "2022-11-22"}}, {"model": "home.product", "pk": 8, "fields": {"category": 3, "subcategory": 5, "brand": 9, "image": "product/img/tshirt_3.jpg", "name": "black tshirt", "price": 999, "availability": null, "description": null, "date": "2022-11-22"}}, {"model": "home.product", "pk": 9, "fields": {"category": 3, "subcategory": 5, "brand": 10, "image": "product/img/tshirt_1.jpg", "name": "red tshirt", "price": 699, "availability": "In Stock", "description": null, "date": "2022-11-22"}}, {"model": "home.product", "pk": 10, "fields": {"category": 3, "subcategory": 6, "brand": 9, "image": "product/img/jeans_1.jpg", "name": "blue jeans", "price": 1699, "availability": null, "description": null, "date": "2022-11-22"}}, {"model": "home.product", "pk": 11, "fields": {"category": 3, "subcategory": 10, "brand": 1, "image": "product/img/apple_watch.jpg", "name": "apple watch", "price": 29999, "availability": "Out Of Stoke", "description": null, "date": "2022-11-24"}}, {"model": "home.product", "pk": 12, "fields": {"category": 3, "subcategory": 10, "brand": 6, "image": "product/img/rolex.jpg", "name": "rolex watch", "price": 25999, "availability": null, "description": null, "date": "2022-11-24"}}, {"model": "home.product", "pk": 13, "fields": {"category": 1, "subcategory": 9, "brand": 7, "image": "product/img/mi.jpg", "name": "mi 13 pro", "price": 42999, "availability": "Out Of Stoke", "description": null, "date": "2022-11-24"}}, {"model": "home.product", "pk": 14, "fields": {"category": 2, "subcategory": 4, "brand": 5, "image": "product/img/lenovo.jpg", "name": "ideapad 3", "price": 49999, "availability": "In Stock", "description": null, "date": "2022-11-24"}}, {"model": "home.product", "pk": 15, "fields": {"category": 1, "subcategory": 7, "brand": 4, "image": "product/img/s20.webp", "name": "s20", "price": 52789, "availability": "In Stock", "description": null, "date": "2022-11-24"}}, {"model": "home.contact_us", "pk": 1, "fields": {"name": "krunal", "email": "krunal@gmail.com", "subject": "product", "message": "product name "}}, {"model": "home.order", "pk": 35, "fields": {"image": "/product/img/tshirt_1.jpg", "product": "red tshirt", "user": 1, "price": 699, "quantity": "1", "total": "699", "address": "asdda", "mobile": "777887878", "pincode": "554666", "date": "2022-12-14"}}]
